Chain,ResId,Residue,AtomFullName,Clashscore
BG,2,SER,N,0.655
Ae,2,LYS,NZ,0.548
BC,2,GLY,N,0.456
BG,2,SER,OG,0.441
BD,2,SER,N,0.680
AQ,2,THR,N,0.649
BG,3,ARG,NH1,0.575
BG,3,ARG,N,0.441
BN,3,ARG,NH1,0.724
BH,4,ASP,OD2,0.568
AB,5,A,N3,0.545
BP,5,ARG,NH1,0.470
Aa,6,LYS,NZ,0.492
BH,7,ALA,N,0.568
AA,8,G,OP1,0.653
AA,8,G,O2',0.744
Ab,8,ARG,NH1,0.813
Aa,8,THR,OG1,0.414
BA,8,G,O2',0.458
Ax,9,G,OP1,0.732
BA,9,G,C6,0.469
BL,10,ASN,O,0.690
BP,11,ARG,NH2,0.761
AM,11,LYS,O,0.417
BL,11,THR,O,0.595
AN,11,MET,N,0.531
BP,11,ARG,NH1,0.580
Aa,12,LYS,NZ,0.592
BL,12,ARG,NH1,0.726
AN,13,HIS,O,0.704
AQ,13,ARG,NH1,0.648
BL,13,GLN,NE2,0.690
AM,14,ARG,NH1,0.584
BD,14,ARG,NH1,0.726
BH,15,ASN,ND2,0.550
AM,16,ARG,NE,0.443
AA,16,G,O6,0.642
AM,16,ARG,NH2,0.414
BL,18,VAL,O,0.431
BL,18,VAL,HG12,0.431
BO,18,ASN,N,0.833
AB,18,G,O2',0.610
BA,18,A,O4',0.490
BL,19,THR,OG1,0.701
AN,19,ARG,NH2,0.754
BH,19,ASN,ND2,0.416
Ae,19,ARG,NE,0.604
BS,20,GLU,O,0.588
AB,20,C,OP2,0.610
AN,22,ARG,O,0.432
AM,23,ARG,NH1,0.523
BP,23,ASP,OD1,0.483
BN,23,ILE,O,0.537
BS,24,LYS,NZ,0.588
BP,24,VAL,N,0.483
BD,24,LYS,NZ,0.532
BN,24,ARG,NH1,0.685
BB,25,ARG,NH2,0.726
BL,26,GLY,O,0.652
BN,26,SER,OG,0.537
BL,27,CYS,SG,0.477
AN,27,ARG,NH1,0.416
AN,27,ARG,NH2,0.432
Ae,27,CYS,SG,0.469
AC,27,ASN,ND2,0.650
AM,28,CYS,SG,0.448
AK,28,SER,O,0.598
Ae,28,SER,N,0.469
BN,28,LYS,NZ,0.649
AM,29,PHE,N,0.448
BN,29,GLN,OE1,0.680
BG,29,ARG,NH2,0.410
BK,29,VAL,N,0.434
BA,29,G,O6,0.581
AB,29,U,O2',0.684
AB,30,A,OP2,0.542
BB,30,ARG,NH1,0.497
AA,31,C,N4,0.456
BN,32,ARG,NH1,0.680
AK,32,TYR,OH,0.525
AC,34,ARG,NH2,0.666
Ax,35,A,N6,0.468
BK,35,SER,OG,0.689
AC,35,CYS,O,0.666
BS,36,ARG,NH2,0.491
Ae,36,GLN,NE2,0.662
Aa,37,SER,OG,0.585
AB,38,G,O2',0.542
BB,38,LYS,N,0.589
AM,38,GLU,OE2,0.421
BK,38,ASN,O,0.689
AZ,38,LYS,HD2,0.557
BK,38,ASN,ND2,0.518
BK,38,ASN,OD1,0.462
AA,38,C,O2,0.483
Ab,38,ASN,ND2,0.717
AF,39,ASN,OD1,0.430
BK,39,THR,N,0.462
AF,40,ILE,N,0.430
Ab,41,ASN,OD1,0.717
AS,41,MET,HE2,0.584
Ax,41,C,N4,0.619
AS,41,MET,HE1,0.516
AZ,41,ILE,HD11,0.557
BH,42,GLU,OE1,0.591
AN,43,ARG,NH1,0.450
BR,43,GLN,NE2,0.599
Ax,44,G,O2',0.468
BR,44,GLY,O,0.617
AA,44,G,N7,0.608
BK,44,THR,O,0.434
AS,45,LYS,NZ,0.584
AS,46,ALA,HB2,0.584
AZ,46,ARG,NH1,0.434
BH,47,ASN,OD1,0.461
BK,48,GLY,O,0.646
Af,48,SER,N,0.505
BH,48,ALA,N,0.461
AZ,49,ALA,N,0.682
BD,49,GLU,OE2,0.726
AQ,49,ASP,O,0.593
AU,50,LYS,NZ,0.712
BS,50,ALA,HB1,0.528
Af,50,ARG,NH1,0.425
AA,51,A,N7,0.503
BD,51,LYS,NZ,0.589
AJ,51,THR,HG23,0.412
AJ,51,THR,O,0.412
BC,52,LYS,O,0.500
Ax,52,U,OP2,0.586
AM,52,ARG,NH2,0.736
AF,52,ASN,OD1,0.426
AF,52,ASN,ND2,0.480
AQ,53,GLN,N,0.593
AF,53,CYS,N,0.426
Ax,53,G,OP2,0.609
Ax,53,G,N2,0.609
BC,53,THR,OG1,0.500
BP,55,ASP,OD1,0.574
BS,55,ARG,NH2,0.441
AE,55,LEU,N,0.619
AA,55,G,O6,0.472
AQ,55,ARG,NH2,0.508
BW,55,GLY,N,0.651
AM,56,ARG,NH1,0.471
BB,56,GLU,OE2,0.436
BS,57,HIS,HB3,0.528
AQ,57,PHE,CD1,0.435
AJ,57,CYS,HG,0.525
BC,57,VAL,O,0.469
AJ,57,CYS,SG,0.463
BC,57,VAL,HG12,0.469
AK,58,ILE,HD13,0.619
BD,58,TYR,OH,0.728
BQ,59,ARG,NH2,0.548
BP,59,LYS,NZ,0.574
AJ,59,GLU,OE2,0.759
BA,60,C,N4,0.673
AU,60,ASN,O,0.496
AU,60,ASN,ND2,0.605
BR,60,ARG,O,0.459
AU,61,SER,OG,0.496
AB,61,G,N2,0.797
AJ,61,TRP,NE1,0.463
AZ,61,THR,O,0.682
BC,61,ALA,O,0.628
AQ,61,TRP,HE1,0.443
AO,61,ARG,NH1,0.732
AJ,61,TRP,HE1,0.525
AZ,62,GLY,O,0.654
AB,63,G,N2,0.637
AJ,63,GLN,NE2,0.759
BR,63,THR,OG1,0.459
AA,63,A,N6,0.561
AB,64,A,OP2,0.797
BH,64,ARG,NH1,0.708
BW,65,LYS,NZ,0.716
BS,65,ARG,NH1,0.776
Af,65,LYS,NZ,0.657
AZ,66,LYS,O,0.434
BK,66,ARG,NH2,0.455
BG,66,ILE,O,0.607
AQ,66,ASN,ND2,0.553
BO,66,TYR,OH,0.415
BS,66,MET,HE3,0.460
BD,67,LYS,NZ,0.436
Ax,67,G,O6,0.617
AE,68,THR,O,0.619
AK,68,GLU,OE1,0.719
BW,70,SER,O,0.608
BR,70,ARG,NH2,0.617
BG,70,THR,OG1,0.607
AH,70,ARG,NH2,0.630
AY,71,LYS,O,0.460
AW,72,SER,OG,0.486
AS,72,ALA,CB,0.447
AS,72,ALA,HB1,0.516
AN,72,LYS,NZ,0.682
AF,73,ALA,O,0.526
BD,73,ARG,NH2,0.594
AU,74,ASP,OD2,0.634
Af,74,ARG,NH2,0.681
BN,74,ARG,NH2,0.652
AB,74,C,OP1,0.682
AH,75,ARG,NH2,0.566
Ax,75,G,O6,0.439
BA,75,G,N2,0.548
BW,75,ARG,NH2,0.608
BS,75,ALA,O,0.491
BA,76,U,N3,0.537
AK,76,ILE,HB,0.427
BF,77,GLU,O,0.475
BI,77,ARG,NH2,0.562
AF,77,GLY,N,0.526
AM,77,ARG,NH1,0.699
BI,78,ARG,NH1,0.650
Af,79,TYR,OH,0.579
AL,79,ARG,O,0.474
BS,79,ASN,OD1,0.550
BA,79,U,OP1,0.537
BG,79,ARG,NH2,0.665
Az,79,ALA,N,0.494
Ax,80,U,O2',0.459
AM,81,THR,O,0.699
BS,81,ARG,NH1,0.550
BF,81,LEU,HD23,0.475
BA,81,U,O4,0.548
AA,82,G,OP1,0.634
AF,82,LYS,O,0.619
AQ,83,HIS,ND1,0.579
AG,83,GLU,N,0.473
AG,83,GLU,OE1,0.473
BC,83,LEU,O,0.570
AB,83,C,N3,0.684
AL,84,ASN,ND2,0.474
AN,85,ILE,O,0.486
BU,85,ASN,O,0.599
Ax,86,G,OP2,0.657
AF,86,LYS,NZ,0.585
AK,86,ILE,HG22,0.619
AE,86,ARG,NH2,0.516
BC,87,ASN,ND2,0.570
AS,87,ALA,O,0.486
AW,88,LYS,NZ,0.651
AK,88,ASP,OD1,0.458
BD,88,GLU,OE2,0.728
BN,89,THR,HG23,0.596
AB,89,A,N3,0.585
AA,89,A,N1,0.561
AN,89,LEU,N,0.486
BN,90,CYS,O,0.452
BT,91,ALA,O,0.595
BN,91,LEU,HD23,0.596
BN,91,LEU,HD22,0.452
AL,92,ARG,NH2,0.422
BB,92,ARG,NH1,0.676
BA,92,G,OP1,0.456
AK,92,ASN,N,0.458
Az,92,GLU,O,0.641
AS,92,GLN,N,0.486
AD,92,VAL,HG23,0.415
BU,93,ASN,OD1,0.433
Ad,93,LYS,NZ,0.700
BT,94,THR,OG1,0.595
AQ,94,ARG,NH2,0.750
BU,94,GLU,N,0.433
BA,94,A,N7,0.468
AG,94,LYS,NZ,0.658
BQ,95,LYS,HZ2,0.407
AB,95,A,O2',0.705
AW,95,ARG,NH1,0.420
Az,95,THR,OG1,0.641
Ad,95,HIS,NE2,0.640
BQ,95,LYS,NZ,0.565
Ad,96,LYS,NZ,0.663
AQ,96,ILE,HG22,0.404
AE,97,ARG,NH1,0.407
BV,97,LYS,NZ,0.668
BH,97,PRO,O,0.665
AE,97,ARG,NH2,0.483
BB,97,ASN,OD1,0.501
BB,98,LYS,N,0.501
AB,98,G,N2,0.650
AJ,99,THR,HG21,0.435
Az,99,MET,HE1,0.431
Ac,99,THR,O,0.652
BN,99,SER,OG,0.491
AJ,99,THR,HG22,0.443
AL,100,ARG,NE,0.487
AQ,100,ILE,HD12,0.404
BI,100,ASP,OD1,0.467
BI,101,ALA,N,0.467
BA,101,A,N6,0.500
AR,101,PRO,O,0.493
AJ,101,TYR,OH,0.688
AG,102,ASN,OD1,0.658
AC,102,HIS,O,0.446
Ax,102,A,N6,0.439
BK,103,ASP,OD2,0.517
AG,103,GLN,O,0.578
BU,104,ARG,NH1,0.517
AX,104,GLN,NE2,0.448
BI,104,TYR,OH,0.557
AA,104,C,OP1,0.605
AR,105,ASP,N,0.493
BI,105,LEU,HD12,0.498
BF,106,VAL,O,0.428
BF,106,VAL,HG12,0.428
AX,107,ARG,NH1,0.474
BB,108,TRP,NE1,0.429
BD,108,ARG,NH2,0.670
Ax,109,C,N4,0.617
AU,109,THR,O,0.705
BA,111,A,OP1,0.694
AG,111,LEU,O,0.442
BI,111,TRP,HB3,0.498
BT,112,LYS,NZ,0.853
BD,112,ASN,ND2,0.479
AA,112,C,N4,0.472
BH,112,ARG,NH2,0.558
BA,112,A,O2',0.548
AO,112,SER,OG,0.586
Ad,112,ARG,NH1,0.590
BJ,112,GLU,OE2,0.416
BB,112,GLU,OE2,0.429
AC,113,VAL,N,0.497
AN,113,ARG,NH2,0.630
BL,114,ARG,NH2,0.755
AW,114,THR,OG1,0.420
AD,115,ILE,HD12,0.624
BV,115,ARG,NH1,0.631
AO,115,PRO,O,0.449
Aw,115,ARG,NH2,0.640
AG,115,MET,N,0.442
AE,116,TYR,OH,0.705
BI,116,LYS,O,0.505
Aw,116,ARG,NH1,0.648
AN,116,ASP,OD2,0.630
AS,117,ARG,NH1,0.487
AA,117,A,N6,0.503
BH,117,ASP,OD1,0.471
AL,117,GLN,OE1,0.537
AF,117,ARG,NH2,0.654
BH,118,ARG,NH1,0.550
BH,118,ARG,N,0.471
AU,119,GLU,OE1,0.406
AE,119,LYS,NZ,0.661
BK,119,VAL,O,0.442
BK,119,VAL,HG12,0.442
Ad,119,HIS,NE2,0.509
AU,119,GLU,N,0.406
BV,119,ARG,NH2,0.604
AR,120,ARG,NH1,0.554
BI,120,ALA,N,0.505
AM,120,ILE,O,0.651
Aw,120,MET,SD,0.677
BH,121,ARG,NH2,0.665
AF,122,ALA,HB1,0.458
AL,122,GLY,N,0.481
AY,122,ARG,NH2,0.460
BB,122,ARG,NH2,0.670
AM,123,SER,OG,0.651
Aw,123,ARG,NH1,0.677
BQ,123,THR,HG22,0.414
BH,123,GLU,OE2,0.558
BQ,123,THR,O,0.414
AN,124,GLU,OE1,0.450
AE,124,ALA,O,0.705
BQ,124,LYS,NZ,0.629
AA,124,A,OP1,0.714
AC,124,ASN,OD1,0.497
BB,124,GLU,OE1,0.518
BC,125,ASN,ND2,0.628
AX,125,ALA,O,0.582
Ad,125,ASN,OD1,0.455
Ad,126,THR,N,0.455
Aw,126,ARG,NH2,0.421
BM,127,GLU,OE2,0.776
AS,127,ARG,NH1,0.698
AL,127,ARG,NH2,0.504
AX,128,THR,OG1,0.582
BM,128,ILE,HD11,0.460
AM,128,ARG,NH2,0.421
BT,128,LYS,NZ,0.488
BB,129,ARG,NH1,0.518
Ad,129,LYS,NZ,0.467
Az,129,GLU,OE2,0.586
BT,130,GLY,O,0.488
Ac,130,ARG,NE,0.505
BV,130,ARG,NE,0.586
BD,131,LYS,N,0.588
AR,131,SER,HB2,0.417
AR,132,ARG,NH1,0.684
BM,132,ARG,O,0.421
AR,132,ARG,NH2,0.599
BQ,133,GLY,O,0.579
BQ,134,ARG,NE,0.579
AE,134,ARG,NH1,0.700
AL,134,MET,O,0.598
BD,134,ASP,OD2,0.588
BQ,135,GLN,NE2,0.483
BJ,136,PRO,O,0.638
BM,136,HIS,ND1,0.421
AF,136,SER,O,0.652
Ac,138,LEU,O,0.505
AC,138,HIS,ND1,0.509
AR,138,PRO,O,0.554
AT,139,ASP,OD1,0.451
AL,139,ARG,NH2,0.598
Ad,139,ASP,OD2,0.465
AT,140,VAL,N,0.451
Ad,141,SER,OG,0.465
Ac,141,LYS,HZ3,0.460
AD,142,GLU,OE2,0.605
BI,142,GLN,OE1,0.557
Ac,142,THR,OG1,0.714
AL,144,ARG,NH1,0.425
Ad,144,ASP,O,0.504
BI,144,GLN,OE1,0.650
AA,144,A,N3,0.470
AR,146,ARG,NH1,0.558
AU,146,SER,OG,0.436
AP,147,ASP,OD1,0.589
BM,148,LYS,NZ,0.445
BB,149,GLN,OE1,0.670
AF,150,GLN,OE1,0.470
AF,150,GLN,N,0.470
AO,151,ARG,NH1,0.449
AF,152,VAL,HG23,0.458
AW,153,ARG,NH1,0.448
BD,155,SER,O,0.647
BM,155,LYS,NZ,0.412
BJ,155,ARG,NH2,0.448
AO,157,ASP,O,0.454
BD,157,ARG,NH1,0.647
Ad,157,ARG,NH2,0.657
Az,158,LYS,NZ,0.620
AU,158,LYS,NZ,0.634
BJ,159,GLU,N,0.548
BJ,159,GLU,OE1,0.548
BE,160,ARG,O,0.459
AU,160,ARG,NH1,0.634
AT,160,ARG,NH2,0.499
AG,160,GLU,OE1,0.639
AO,161,GLU,N,0.454
AW,161,GLN,OE1,0.523
AU,162,LEU,HD12,0.436
BI,162,ARG,NH2,0.671
Az,162,LYS,NZ,0.554
BE,163,THR,OG1,0.490
AL,163,ARG,NH2,0.672
BJ,164,GLN,NE2,0.638
AW,164,LYS,NZ,0.523
AR,164,VAL,O,0.434
BJ,165,ARG,NH2,0.416
AU,165,THR,OG1,0.514
Az,166,LYS,NZ,0.600
AD,166,ARG,NH1,0.605
BT,166,ARG,NE,0.462
AU,167,GLU,OE1,0.514
AA,169,C,O2',0.557
BD,169,PHE,HB2,0.442
BV,170,LYS,NZ,0.585
BD,170,PRO,HD3,0.442
AR,171,TYR,N,0.434
BA,171,G,O3',0.700
AP,172,ARG,NE,0.636
BI,173,ARG,NH1,0.602
AP,174,ASN,OD1,0.636
BC,174,ALA,N,0.472
BI,174,ASP,O,0.602
BE,175,ARG,N,0.459
AD,176,VAL,O,0.459
BT,176,LYS,NZ,0.700
AD,176,VAL,HG12,0.459
AG,176,ARG,NH2,0.639
AF,177,THR,OG1,0.597
AS,178,ARG,NH1,0.470
AC,178,ARG,NH1,0.450
AF,180,GLU,OE1,0.597
BD,180,ASP,OD1,0.420
Az,180,ASP,OD2,0.535
BD,181,SER,N,0.420
Az,182,GLU,O,0.620
BA,183,G,O6,0.615
AS,184,LYS,O,0.470
AS,185,SER,OG,0.628
Az,185,ARG,NH1,0.535
BA,186,G,N1,0.445
BC,187,GLN,OE1,0.679
AL,187,ILE,HG22,0.573
AR,187,GLU,OE1,0.533
AS,188,TYR,HH,0.507
BA,188,A,OP1,0.445
AL,189,PRO,HD3,0.573
BB,189,CYS,SG,0.485
AC,189,GLY,O,0.509
BA,190,C,N4,0.615
BB,190,LEU,N,0.485
BC,190,ARG,NH2,0.478
AR,190,LEU,O,0.558
BB,191,ILE,O,0.433
BB,191,ILE,HG22,0.433
AR,192,ASP,OD1,0.444
AR,192,ASP,O,0.596
AC,192,GLY,N,0.446
AR,193,ASP,N,0.444
AS,193,PHE,HE2,0.507
Az,194,ASP,OD1,0.435
Az,195,ARG,N,0.435
AP,195,VAL,HG12,0.427
AS,195,ARG,NH2,0.657
BD,197,TYR,O,0.594
AR,197,VAL,N,0.442
BB,198,ASP,OD2,0.497
AA,200,G,O2',0.608
BB,201,ASP,OD1,0.450
AC,201,LEU,O,0.725
AA,202,A,N3,0.557
BB,202,ILE,N,0.450
AR,202,LYS,NZ,0.440
AR,203,LYS,NZ,0.546
AL,203,GLU,OE1,0.672
AE,204,LYS,NZ,0.824
AL,205,GLU,OE2,0.566
AJ,206,GLY,O,0.468
AL,207,SER,OG,0.566
BA,209,C,P,0.407
BA,209,C,OP2,0.565
BE,210,ARG,NH2,0.504
AR,210,ILE,O,0.442
AJ,210,LYS,NZ,0.468
BC,210,LYS,NZ,0.536
Az,211,LYS,NZ,0.570
AP,211,HIS,ND1,0.589
AJ,212,ARG,NH2,0.926
AA,213,A,OP1,0.574
AC,213,ARG,NH2,0.645
AR,213,ARG,NE,0.596
AA,213,A,N6,0.419
Az,214,VAL,HG13,0.431
AG,215,LYS,NZ,0.561
BE,215,VAL,HG12,0.501
Az,216,ASN,OD1,0.618
AP,216,LYS,NZ,0.454
AJ,216,TYR,OH,0.653
BC,217,GLU,OE2,0.478
AC,217,ARG,NH1,0.729
Az,218,ARG,NH2,0.490
AR,218,ARG,NE,0.533
BA,218,A,O2',0.545
AP,218,ARG,NH1,0.712
Az,219,ARG,NH1,0.618
AJ,219,ASN,ND2,0.602
AE,221,ARG,NH1,0.479
AE,222,ASN,ND2,0.651
BE,226,ARG,NH2,0.412
BE,227,ASN,ND2,0.444
AD,227,LYS,NZ,0.677
BA,227,G,OP1,0.629
AA,228,U,OP2,0.663
BA,228,U,O4,0.621
BB,229,ARG,O,0.455
BB,230,SER,OG,0.455
AA,232,G,N2,0.587
AA,232,G,OP2,0.674
AA,234,C,N4,0.674
BA,235,A,OP1,0.462
AA,236,A,OP2,0.587
AA,236,A,OP1,0.640
BE,237,MET,HE1,0.469
BE,237,MET,HE3,0.412
AL,238,ARG,NH2,0.574
AC,239,ARG,NH2,0.444
AA,239,G,N7,0.700
AD,239,THR,OG1,0.552
AD,240,THR,OG1,0.655
BA,242,A,N6,0.621
AJ,243,ASP,OD1,0.468
AJ,244,LYS,N,0.468
BE,247,VAL,O,0.594
AC,248,TYR,OH,0.623
BE,248,ILE,HD11,0.414
Az,250,THR,OG1,0.490
BA,251,A,N6,0.545
AE,252,ILE,O,0.447
BE,254,ARG,NH1,0.594
AA,255,A,OP2,0.587
AC,256,ARG,NH2,0.591
AE,256,ASN,ND2,0.447
Az,258,GLU,OE2,0.570
AA,262,G,N2,0.509
AA,265,A,OP2,0.509
BE,266,LEU,HB2,0.414
BA,269,G,N2,0.637
AC,269,ARG,NH1,0.431
AC,270,ARG,NH2,0.535
BA,270,A,O4',0.458
AA,271,G,N1,0.587
BA,272,A,OP2,0.637
BE,274,ASN,O,0.421
BE,274,ASN,ND2,0.556
BE,277,ASN,OD1,0.556
AD,278,ILE,HD13,0.624
BE,278,ASN,ND2,0.421
BE,279,ALA,O,0.607
BE,282,THR,OG1,0.607
AA,285,A,O2',0.671
BA,285,A,N3,0.500
AA,286,U,O2',0.514
BE,286,VAL,HG11,0.501
AA,287,A,O4',0.514
BE,288,THR,OG1,0.444
AD,288,ASN,OD1,0.413
AD,289,LEU,N,0.413
AD,292,LEU,HD21,0.415
BE,294,ASP,OD1,0.609
AA,295,C,N4,0.565
BA,296,G,N1,0.755
BA,296,G,N2,0.468
BA,297,A,N6,0.456
BE,297,ARG,NH2,0.609
BE,298,ASP,O,0.708
BE,299,ARG,NH1,0.591
BA,299,A,OP2,0.755
BE,305,GLU,OE2,0.550
AA,313,A,N1,0.469
AA,318,A,N3,0.440
AA,322,C,N4,0.434
AA,323,G,O6,0.434
AA,323,G,N1,0.469
BA,326,G,O6,0.673
AA,329,C,O2,0.651
BA,334,G,N2,0.798
BA,335,A,N6,0.477
BA,337,U,OP2,0.798
AA,338,G,O2',0.440
BA,339,U,N3,0.556
AA,349,A,O2',0.479
BA,349,G,OP1,0.470
BA,352,G,N2,0.573
BA,355,A,OP2,0.573
AA,364,U,O2,0.565
BA,365,A,N1,0.556
AA,366,G,O2',0.726
AA,367,C,O4',0.726
AA,372,G,O6,0.671
BA,373,C,O2',0.585
BA,373,C,O3',0.436
BA,376,G,O5',0.479
BA,376,G,OP2,0.670
BA,377,U,O4,0.680
BA,382,G,N2,0.483
AA,382,G,OP1,0.494
BA,382,G,OP2,0.532
AA,383,A,N6,0.440
AA,384,G,O2',0.558
BA,404,A,N7,0.483
AA,412,G,O6,0.558
AA,414,A,N7,0.440
BA,421,A,N6,0.439
AA,423,G,OP2,0.583
BA,425,G,N2,0.717
BA,428,A,N1,0.717
BA,433,G,O6,0.439
AA,435,A,N6,0.494
BA,448,A,O4',0.584
BA,450,C,OP1,0.755
AA,453,U,O2,0.407
AA,459,A,OP2,0.456
BA,468,C,OP1,0.600
BA,469,A,OP1,0.554
AA,475,G,N2,0.671
AA,477,G,N2,0.453
AA,477,G,P,0.460
AA,478,A,OP2,0.671
AA,487,U,O2,0.491
AA,488,G,N1,0.543
AA,488,G,O6,0.712
AA,491,A,N6,0.491
AA,491,A,OP2,0.543
AA,492,A,O2',0.705
BA,494,C,OP1,0.589
BA,496,A,N6,0.584
BA,502,A,O2',0.652
BA,503,U,OP1,0.701
BA,505,C,N4,0.581
BA,507,G,OP2,0.549
BA,508,A,O2',0.549
AA,511,G,N1,0.666
BA,511,G,N2,0.595
BA,512,A,O2',0.581
BA,513,U,OP2,0.726
AA,514,A,OP2,0.666
BA,515,G,O3',0.581
BA,519,G,O6,0.521
BA,523,A,HO2',0.547
BA,524,G,O2',0.723
AA,534,C,N4,0.642
AA,540,A,OP2,0.926
BA,543,U,O4',0.483
BA,544,A,N6,0.592
AA,553,G,OP1,0.628
BA,554,U,O2',0.694
AA,555,A,O5',0.657
AA,566,A,N1,0.688
BA,567,C,O2,0.580
BA,570,A,N3,0.585
BA,572,C,O2,0.761
AA,582,A,OP2,0.440
AA,583,G,OP2,0.546
AA,583,G,N2,0.450
AA,585,A,OP2,0.491
AA,588,A,OP1,0.566
BA,590,A,O2',0.592
AA,596,A,N1,0.519
BA,601,U,O4,0.707
BA,607,A,HO2',0.833
BA,607,A,O2',0.635
BA,611,U,O2',0.605
BA,619,G,O6,0.447
BA,632,G,N2,0.646
BA,635,G,H1,0.477
BA,638,C,OP1,0.462
BA,639,G,OP2,0.518
BA,640,G,O6,0.455
BA,640,G,N2,0.619
AA,641,C,O2,0.665
AA,642,G,N2,0.604
AA,645,A,OP2,0.604
BA,645,A,N7,0.619
BA,650,U,OP1,0.610
BA,651,A,O2',0.610
AA,651,U,O2',0.665
BA,652,G,HO2',0.477
AA,652,C,N4,0.651
AA,657,U,O4,0.651
BA,669,C,OP2,0.536
AA,670,A,N3,0.516
BA,670,A,O2',0.536
BA,671,A,N1,0.486
AA,682,C,OP1,0.481
BA,682,A,N6,0.486
BA,685,C,N4,0.447
AA,687,A,HO2',0.547
AA,694,U,O2,0.453
AA,697,U,O2',0.652
BA,700,U,O2',0.552
BA,701,G,OP1,0.552
BA,701,G,O2',0.707
BA,702,A,OP1,0.415
BA,706,U,O2',0.507
BA,714,G,H1,0.765
AA,717,A,N7,0.625
AA,724,G,N2,0.430
AA,729,A,N7,0.430
BA,729,G,N2,0.417
BA,730,A,O2',0.502
AA,736,G,N2,0.625
BA,737,U,O2,0.481
AA,740,G,O6,0.413
BA,744,C,N4,0.481
BA,751,A,N7,0.417
AA,754,A,O2',0.656
AA,754,A,N6,0.602
AA,755,U,OP2,0.677
AA,756,G,O2',0.695
AA,759,G,OP1,0.487
AA,759,G,O2',0.695
BA,760,C,O2',0.673
BA,761,G,HO2',0.765
AA,765,U,O4,0.602
BA,770,G,OP2,0.723
BA,775,C,O2,0.550
BA,777,A,OP1,0.416
BA,780,C,OP1,0.726
BA,785,U,OP1,0.605
BA,790,A,N6,0.638
AA,792,A,OP1,0.645
BA,792,C,O2,0.638
AA,804,A,OP2,0.672
BA,815,A,N6,0.521
AA,820,G,O2',0.519
BA,829,C,O2,0.507
AA,829,G,N1,0.547
BA,832,C,HO2',0.547
AA,832,A,N7,0.469
BA,839,A,N6,0.639
BA,840,G,O2',0.693
AA,842,G,O2',0.537
BA,851,A,N1,0.673
BA,856,G,O6,0.693
BA,858,A,N7,0.639
AA,869,G,O2',0.666
BA,873,A,N6,0.616
AA,874,G,OP1,0.523
BA,876,G,N7,0.585
BA,883,G,N7,0.575
BA,885,A,O2',0.682
AA,889,G,HO2',0.469
AA,889,G,O2',0.657
AA,890,G,OP2,0.657
AA,890,G,O4',0.473
AA,890,G,P,0.469
AA,892,C,N4,0.487
AA,892,C,O2,0.568
AA,893,C,N4,0.675
AA,893,C,O2',0.492
AA,894,G,O4',0.492
BA,899,A,H62,0.436
BA,901,G,N2,0.424
BA,903,G,O6,0.445
AA,903,G,O6,0.487
AA,904,U,O2,0.675
AA,905,A,N6,0.568
BA,908,A,N3,0.472
BA,908,A,OP1,0.441
BA,909,A,HO2',0.617
BA,915,U,O3',0.504
BA,915,U,O2',0.631
AA,919,A,N3,0.538
AA,920,A,N6,0.417
BA,920,A,N3,0.424
BA,923,G,OP2,0.505
BA,924,A,O2',0.505
AA,925,G,O6,0.666
BA,926,G,N2,0.757
AA,927,A,N3,0.459
BA,928,A,OP2,0.661
BA,929,C,O2,0.509
BA,934,C,HO2',0.617
BA,935,C,O2',0.472
AA,937,U,OP2,0.448
BA,943,G,O6,0.613
AA,943,C,N4,0.636
AA,943,C,N3,0.615
AA,945,A,H61,0.438
AA,946,A,N6,0.615
AA,947,A,N3,0.636
AA,950,A,H61,0.438
BA,953,G,N2,0.466
BA,955,A,N7,0.484
BA,959,U,O4,0.682
BA,963,G,N2,0.517
AA,966,G,OP1,0.657
BA,966,A,OP2,0.517
BA,970,A,N6,0.682
BA,974,G,N2,0.484
BA,976,G,O6,0.523
AA,980,G,OP1,0.414
AA,981,G,OP2,0.443
AA,984,G,OP2,0.584
BA,985,A,N6,0.523
BA,987,C,N3,0.466
AA,990,C,HO2',0.446
AA,992,U,O2',0.642
BA,995,C,N4,0.613
AA,1000,G,N2,0.469
BA,1002,U,O2',0.662
BA,1004,C,O2',0.604
AA,1004,G,O2',0.561
BA,1005,A,OP2,0.662
BA,1006,U,OP1,0.472
BA,1009,C,OP2,0.536
BA,1012,U,O4,0.456
BA,1017,A,N1,0.549
AA,1022,C,O2',0.684
AA,1024,A,OP2,0.599
BA,1025,C,OP1,0.504
AA,1026,C,N4,0.677
BA,1027,G,N2,0.623
BA,1030,A,OP2,0.623
AA,1032,C,N4,0.562
AA,1039,A,OP2,0.553
AA,1047,U,OP1,0.574
AA,1056,A,OP2,0.553
AA,1056,A,N3,0.545
BA,1058,G,O2',0.549
AA,1063,U,O2',0.574
BA,1064,C,O2,0.491
BA,1069,G,OP2,0.562
AA,1070,G,N2,0.508
BA,1078,C,O2,0.689
BA,1079,C,O2,0.517
BA,1085,U,O2',0.538
BA,1086,G,OP2,0.704
BA,1086,G,N2,0.704
BA,1087,A,N6,0.538
AA,1089,U,O2',0.479
BA,1092,G,N2,0.517
AA,1093,C,O2,0.614
AA,1096,G,N2,0.485
BA,1096,C,N4,0.689
AA,1097,A,H61,0.454
AA,1098,A,O5',0.479
AA,1098,A,N6,0.745
AA,1101,A,N6,0.614
AA,1101,A,H62,0.454
BY,1101,UNK,O,0.431
BY,1105,UNK,N,0.431
BA,1106,A,N1,0.532
AA,1111,G,N2,0.614
AA,1113,A,O2',0.637
AA,1114,A,OP2,0.614
AA,1115,G,O2',0.416
BA,1115,G,N2,0.740
AA,1117,G,OP2,0.416
BA,1119,A,OP2,0.740
AA,1121,G,H21,0.501
BY,1124,UNK,N,0.436
AA,1124,A,O4',0.485
AA,1126,A,OP2,0.745
AA,1126,A,H62,0.501
BA,1127,G,N2,0.532
BA,1128,A,OP2,0.671
BA,1132,U,O2',0.632
AA,1132,C,O2,0.637
BA,1134,A,OP2,0.632
BA,1138,U,O2',0.679
AA,1141,C,O2,0.508
AA,1152,C,O2,0.662
AA,1154,A,N6,0.553
BA,1165,C,OP1,0.724
BA,1171,G,OP2,0.579
BA,1173,G,N2,0.499
BA,1177,C,OP2,0.412
AA,1178,G,O6,0.562
AA,1178,G,N7,0.681
AA,1180,C,OP1,0.750
BA,1181,U,H3,0.436
AA,1182,A,O3',0.508
AA,1182,A,O2',0.561
AA,1184,G,O6,0.677
AA,1187,G,H21,0.417
BA,1187,A,N6,0.556
BY,1206,UNK,O,0.589
BA,1208,C,N4,0.478
AA,1209,U,OP2,0.547
BA,1212,C,N4,0.630
BA,1215,G,N2,0.721
BA,1217,G,N2,0.547
BA,1218,A,OP2,0.721
BA,1221,G,O6,0.630
AA,1225,G,OP2,0.824
BA,1225,G,O6,0.478
BA,1228,A,O2',0.841
BA,1230,C,OP2,0.841
AA,1230,G,O2',0.600
AA,1244,G,N2,0.515
AA,1247,A,OP2,0.515
BA,1250,U,O2,0.556
BA,1254,G,OP2,0.651
BY,1254,UNK,O,0.676
BA,1258,G,O6,0.716
AA,1258,A,N1,0.600
BA,1265,G,N1,0.646
BA,1266,C,OP2,0.649
BA,1266,C,OP1,0.685
BA,1266,C,N4,0.509
AA,1267,A,OP1,0.422
BA,1268,A,OP2,0.646
AA,1269,G,OP1,0.649
AA,1271,G,OP2,0.487
BA,1271,C,N4,0.579
AA,1273,G,OP2,0.648
BA,1275,U,O2,0.547
BA,1275,U,OP1,0.716
AA,1276,U,O2',0.566
BA,1277,C,N4,0.716
AA,1279,C,OP1,0.700
AA,1284,U,O3',0.414
AA,1287,G,O2',0.699
AA,1304,G,N2,0.507
BA,1306,G,N2,0.681
AA,1307,A,OP2,0.507
BA,1309,A,OP2,0.652
BA,1312,C,O2,0.499
BA,1312,C,OP2,0.757
BA,1312,C,N4,0.661
BA,1316,C,O2,0.681
BA,1316,C,O2',0.448
BA,1325,A,O3',0.410
BA,1327,U,HO2',0.581
BA,1329,G,O6,0.655
BA,1332,C,O2',0.665
BA,1333,C,N3,0.682
BA,1342,G,O6,0.616
AA,1344,G,OP2,0.698
AA,1345,G,O2',0.468
AA,1347,U,OP2,0.468
AA,1374,A,OP2,0.544
AA,1384,C,O2',0.564
AA,1385,G,N2,0.527
AA,1388,A,OP2,0.527
BA,1388,G,OP2,0.853
BA,1390,U,N3,0.407
AA,1398,G,N1,0.544
AA,1404,C,OP1,0.648
AA,1407,C,OP1,0.421
BA,1411,G,O6,0.407
AA,1411,U,O2,0.469
AA,1416,A,N6,0.469
AA,1420,C,OP1,0.499
AA,1438,G,O2',0.548
BA,1443,A,O2',0.441
BA,1444,G,O2',0.673
BA,1444,G,O5',0.441
BA,1445,U,OP1,0.668
AA,1445,G,OP1,0.650
AA,1447,G,N2,0.649
AA,1449,C,O2',0.601
AA,1457,G,O2',0.536
AA,1468,C,O2',0.533
BA,1472,U,O2,0.502
AA,1481,U,O2',0.608
AA,1491,G,OP1,0.640
AA,1494,G,N2,0.516
AA,1496,A,N1,0.536
AA,1500,U,O2',0.515
AA,1501,G,OP1,0.515
AA,1503,C,O2',0.486
AA,1518,U,O2,0.690
AA,1519,A,N6,0.690
AA,1521,G,N2,0.552
AA,1521,G,OP2,0.552
AA,1523,A,N7,0.461
AA,1532,G,N2,0.477
AA,1533,A,N3,0.673
AA,1535,A,N1,0.477
AA,1543,G,N2,0.461
AA,1550,U,O4,0.516
AA,1562,A,N6,0.664
AA,1568,U,N3,0.480
AA,1571,G,O6,0.480
AA,1577,G,O2',0.664
AA,1578,A,N3,0.533
AA,1603,A,OP2,0.601
AA,1606,A,N7,0.649
AA,1611,G,O2',0.673
AA,1623,A,O2',0.548
AA,1667,G,N2,0.593
AA,1670,A,OP2,0.593
AA,1674,C,O2,0.468
AA,1690,A,OP2,0.531
AA,1695,U,OP1,0.656
AA,1703,G,O2',0.703
AA,1710,G,N2,0.454
AA,1713,A,N1,0.454
AA,1745,C,O2,0.637
AA,1749,U,O4,0.490
AA,1750,C,O2',0.514
AA,1751,A,O3',0.514
AA,1751,A,O2',0.615
AA,1753,A,OP2,0.615
AA,1755,A,N6,0.490
AA,1764,A,N1,0.545
AA,1764,A,OP1,0.454
AA,1784,C,N4,0.413
AA,1789,U,OP2,0.862
AA,1794,A,N6,0.862
AA,1801,A,O2',0.725
AA,1808,C,OP2,0.535
AA,1809,G,OP1,0.591
AA,1810,C,OP2,0.450
AA,1813,A,N6,0.550
AA,1819,A,N3,0.564
AA,1824,C,O2,0.550
AA,1837,U,OP2,0.729
AA,1837,U,O2',0.533
AA,1868,A,N7,0.502
AA,1875,G,N2,0.581
AA,1876,A,N7,0.496
AA,1877,C,N4,0.554
AA,1888,G,O6,0.554
AA,1889,G,N2,0.496
AA,1891,A,N7,0.581
AA,1898,G,N2,0.502
AA,1927,A,N7,0.673
AA,1927,A,HO2',0.628
AA,1927,A,O2',0.832
AA,1928,C,P,0.628
AA,1928,C,OP2,0.832
AA,1932,A,O2',0.572
AA,1934,C,N4,0.572
AA,1950,A,N6,0.522
AA,1977,C,N3,0.522
AA,1978,G,O2',0.635
AA,1981,C,OP2,0.635
AA,1984,A,N3,0.533
AA,2005,U,O4,0.703
AA,2009,U,O2,0.525
AA,2016,G,OP2,0.754
AA,2025,U,OP2,0.584
AA,2026,G,O6,0.699
AA,2033,A,N7,0.492
AA,2036,U,OP2,0.592
AA,2045,A,OP1,0.450
AA,2047,A,O2',0.684
AA,2049,G,OP2,0.684
AA,2075,G,OP1,0.661
AA,2085,A,O2',0.672
AA,2089,U,OP1,0.444
AA,2091,A,OP1,0.555
AA,2097,C,O2,0.623
AA,2106,U,N3,0.578
AA,2106,U,OP2,0.566
AA,2107,G,OP2,0.630
AA,2110,U,O4,0.664
AA,2207,A,N6,0.664
AA,2213,A,OP1,0.474
AA,2223,A,O2',0.470
AA,2227,C,O2,0.661
AA,2230,A,N6,0.661
AA,2243,C,OP2,0.578
AA,2246,U,O2,0.448
AA,2255,G,N2,0.555
AA,2266,U,N3,0.522
AA,2267,G,O2',0.678
AA,2270,G,OP2,0.522
AA,2273,U,OP1,0.494
AA,2275,G,O2',0.698
AA,2279,U,OP2,0.486
AA,2281,C,O2',0.538
AA,2283,A,N6,0.723
AA,2290,A,N3,0.642
AA,2290,A,OP2,0.723
AA,2302,C,OP2,0.813
AA,2308,U,O2',0.686
AA,2320,G,O2',0.652
AA,2323,C,OP2,0.784
AA,2324,G,O2',0.784
AA,2329,U,OP2,0.585
AA,2330,U,O4',0.480
AA,2360,U,O2',0.670
AA,2371,A,OP1,0.651
AA,2378,C,OP2,0.590
AA,2390,A,O2',0.670
AA,2391,C,O2,0.686
AA,2392,G,N2,0.532
AA,2395,A,OP2,0.532
AA,2409,A,OP2,0.509
AA,2423,A,O2',0.583
AA,2424,G,N3,0.419
AA,2433,C,O3',0.425
AA,2436,U,OP1,0.467
AA,2444,C,OP2,0.698
AA,2459,C,HO2',0.547
AA,2486,A,N6,0.518
AA,2487,G,OP1,0.471
AA,2495,A,OP2,0.548
AA,2498,G,O2',0.518
AA,2500,C,O2',0.736
AA,2503,G,O2',0.545
AA,2504,A,OP1,0.425
AA,2505,A,OP2,0.505
AA,2513,C,OP1,0.678
AA,2513,C,HO2',0.446
AA,2516,C,O2',0.491
AA,2520,A,O2',0.663
AA,2522,G,OP2,0.663
AA,2523,U,OP2,0.569
AA,2581,A,OP1,0.601
AA,2588,U,O2',0.655
AA,2588,U,O3',0.433
AA,2589,A,N7,0.552
AA,2593,G,N1,0.569
AA,2593,G,O2',0.747
AA,2596,C,OP2,0.747
AA,2598,G,OP2,0.748
AA,2598,G,N2,0.748
AA,2612,G,N2,0.572
AA,2615,A,OP2,0.572
AA,2646,U,O4,0.744
AA,2662,C,HO2',0.799
AA,2662,C,O2',0.730
AA,2665,U,O2',0.601
AA,2672,G,O2',0.605
AA,2673,U,N3,0.445
AA,2676,G,O2',0.561
AA,2681,G,O6,0.605
AA,2682,A,N7,0.445
AA,2691,G,O2',0.598
AA,2701,U,O2',0.719
AA,2705,G,N2,0.450
AA,2705,G,N1,0.592
AA,2707,A,OP1,0.416
AA,2715,U,O2',0.468
AA,2719,G,O2',0.608
AA,2734,U,O2',0.545
AA,2737,G,OP1,0.712
AA,2738,U,OP2,0.592
AA,2739,A,N7,0.450
AA,2740,G,O2',0.704
AA,2750,G,O2',0.730
AA,2750,G,HO2',0.799
AA,2751,A,N6,0.457
AA,2759,A,N6,0.517
AA,2761,U,OP2,0.552
AA,2766,A,O2',0.578
AA,2773,C,N4,0.552
AA,2774,U,OP2,0.604
AA,2774,U,O4,0.565
AA,2776,A,N6,0.565
AA,2781,U,O2,0.517
AA,2788,A,N1,0.457
AA,2798,G,OP2,0.602
AA,2806,U,O2',0.545
AA,2807,C,O2,0.650
AA,2807,C,O2',0.705
