Chain,ResId,Residue,AtomFullName,Clashscore Atom
BC,3,LEU,C,0.505
BC,3,LEU,HD23,0.505
BC,4,TYR,HB2,0.515
BC,4,TYR,CE2,0.512
BC,4,TYR,HE1,0.751
BC,4,TYR,CE1,0.668
BC,5,GLU,O,0.620
BC,6,LEU,HD12,1.266
BC,6,LEU,CG,1.161
BC,6,LEU,HD11,1.070
BC,6,LEU,HG,1.315
BC,6,LEU,HD21,0.610
BC,6,LEU,CD1,1.037
BC,6,LEU,CD2,0.955
BC,6,LEU,HD23,0.737
BC,7,ILE,N,0.410
BC,9,LEU,HD21,0.560
BC,9,LEU,CD2,0.578
BC,9,LEU,HD23,0.447
BC,9,LEU,HD22,0.544
BC,10,ALA,HB1,1.062
BC,10,ALA,HB2,0.478
BC,10,ALA,HA,0.912
BC,10,ALA,CB,0.787
BC,10,ALA,CA,0.738
BC,11,ARG,CD,0.832
BC,11,ARG,HD3,0.887
BC,11,ARG,HD2,0.824
BC,12,ALA,O,0.592
BC,12,ALA,C,0.424
BC,13,ASN,HD22,0.723
BC,13,ASN,CB,0.876
BC,13,ASN,HB3,1.043
BC,13,ASN,OD1,0.592
BC,13,ASN,HB2,0.491
BC,13,ASN,ND2,0.502
BC,15,ALA,O,0.964
BC,16,LYS,CA,0.432
BC,16,LYS,O,0.564
BC,16,LYS,HA,0.581
BC,17,ALA,HB3,1.043
BC,17,ALA,HB1,0.723
BC,17,ALA,CB,0.879
BC,19,THR,HG1,0.450
BC,19,THR,CB,0.598
BC,19,THR,HG23,0.964
BC,19,THR,OG1,0.675
BC,19,THR,CG2,0.791
BC,20,SER,CB,0.528
BC,20,SER,HB3,0.564
BC,20,SER,N,0.496
BC,21,LEU,O,0.653
BC,21,LEU,C,0.643
BC,21,LEU,HD21,0.558
BC,21,LEU,CD2,0.680
BC,21,LEU,HD22,0.760
BC,21,LEU,HD13,0.653
BC,21,LEU,CD1,0.533
BC,22,VAL,O,1.108
BC,25,VAL,HG21,0.680
BC,25,VAL,HG23,0.760
BC,25,VAL,HB,0.477
BC,25,VAL,CG2,0.725
BC,26,ALA,CB,1.108
BC,26,ALA,HB3,0.854
BC,26,ALA,N,0.564
BC,26,ALA,HB2,0.966
BC,28,SER,OG,0.992
BC,28,SER,CB,0.649
BC,28,SER,O,0.429
BC,28,SER,HB2,0.588
BC,29,ILE,HD13,0.613
BC,29,ILE,O,0.814
BC,32,LYS,CD,0.425
BC,32,LYS,HG3,0.429
BC,32,LYS,HD3,0.588
BC,32,LYS,NZ,1.134
BC,32,LYS,HE3,0.513
BC,33,GLY,O,0.814
BC,34,GLY,O,0.421
BC,35,ASN,OD1,0.421
BC,36,VAL,HG13,0.452
BC,36,VAL,O,0.452
BC,40,THR,O,0.556
BC,41,ILE,HA,0.604
BC,41,ILE,CD1,1.552
BC,41,ILE,HG23,0.439
BC,41,ILE,O,0.439
BC,41,ILE,HD12,0.806
BC,41,ILE,HD11,1.755
BC,41,ILE,HG13,0.414
BC,42,LEU,N,0.846
BC,42,LEU,CD1,0.631
BC,42,LEU,H,0.577
BC,42,LEU,HD11,0.944
BC,42,LEU,HB2,1.070
BC,42,LEU,HD22,0.948
BC,42,LEU,CB,0.654
BC,42,LEU,HD13,0.525
BC,42,LEU,CD2,0.574
BC,42,LEU,HD12,0.663
BC,43,GLY,O,0.835
BC,44,ASP,HB3,0.471
BC,44,ASP,OD1,1.152
BC,44,ASP,HA,0.985
BC,44,ASP,CG,1.311
BC,45,ARG,CG,0.982
BC,45,ARG,HG2,1.085
BC,45,ARG,CZ,0.831
BC,45,ARG,NH1,1.531
BC,45,ARG,CD,0.802
BC,45,ARG,HD2,0.613
BC,46,ILE,HG12,0.472
BC,46,ILE,HA,1.185
BC,46,ILE,CA,0.860
BC,47,LEU,HD21,0.716
BC,47,LEU,HD22,0.826
BC,47,LEU,N,0.638
BC,47,LEU,HB2,0.638
BC,47,LEU,CD2,0.783
BC,47,LEU,H,0.440
BC,47,LEU,HD23,0.705
BC,50,THR,HG22,0.743
BC,51,VAL,HG12,0.525
BC,52,LYS,CD,0.755
BC,52,LYS,HZ2,0.715
BC,52,LYS,HZ3,1.271
BC,52,LYS,HD3,0.883
BC,52,LYS,NZ,1.293
BC,54,ASN,CB,0.480
BC,54,ASN,CG,0.828
BC,54,ASN,HD21,0.918
BC,54,ASN,ND2,1.667
BC,54,ASN,HD22,1.830
BC,58,LYS,CD,1.293
BC,58,LYS,HG2,0.883
BC,58,LYS,CG,0.715
BC,58,LYS,HD3,0.743
BC,59,HIS,NE2,0.887
BC,59,HIS,CD2,0.454
BC,59,HIS,CE1,0.832
BC,60,LEU,O,0.638
BC,60,LEU,CG,0.479
BC,60,LEU,C,0.705
BC,60,LEU,HG,0.743
BC,61,VAL,C,0.466
BC,61,VAL,CA,0.783
BC,61,VAL,HB,1.185
BC,61,VAL,N,0.669
BC,61,VAL,HA,0.826
BC,61,VAL,CB,0.953
BC,62,GLY,O,0.489
BC,62,GLY,N,0.716
BC,63,ARG,CD,1.493
BC,63,ARG,O,0.578
BC,63,ARG,CG,0.938
BC,63,ARG,CZ,0.737
BC,63,ARG,NE,1.152
BC,63,ARG,HB2,0.489
BC,63,ARG,NH2,0.638
BC,63,ARG,HE,1.311
BC,63,ARG,HA,0.985
BC,63,ARG,HD3,1.755
BC,64,TYR,HB2,1.070
BC,64,TYR,HE1,1.085
BC,64,TYR,C,0.525
BC,64,TYR,CE1,1.531
BC,64,TYR,CB,0.887
BC,64,TYR,N,0.835
BC,64,TYR,O,0.846
BC,64,TYR,CD1,1.147
BC,64,TYR,HB3,0.948
BC,64,TYR,CZ,1.032
BC,64,TYR,OH,0.560
BC,64,TYR,CD2,0.560
BC,65,VAL,N,0.445
BC,65,VAL,HG22,0.414
BC,65,VAL,C,0.454
BC,65,VAL,HA,0.604
BC,66,GLN,N,0.626
BC,66,GLN,CB,0.664
BC,66,GLN,HB2,0.944
BC,69,TYR,CG,0.613
BC,69,TYR,CE2,0.515
BC,71,GLY,HA3,0.988
BC,71,GLY,HA2,0.524
BC,71,GLY,CA,0.820
BC,71,GLY,O,0.751
BC,72,ASN,H,0.775
BC,72,ASN,N,0.765
BC,73,PRO,O,1.182
BC,75,MET,HG3,0.588
BC,75,MET,HE3,0.759
BC,75,MET,CE,0.988
BC,75,MET,HE1,0.675
BC,75,MET,HE2,0.775
BC,76,MET,CG,0.855
BC,76,MET,SD,0.512
BC,76,MET,O,0.475
BC,76,MET,HE2,0.520
BC,76,MET,HG2,1.182
BC,78,GLN,HA,0.882
BC,78,GLN,OE1,1.134
BC,78,GLN,HB2,0.513
BC,79,ILE,HD13,0.569
BC,79,ILE,CD1,0.809
BC,79,ILE,HD12,0.992
BC,80,GLU,CG,0.476
BC,80,GLU,OE2,1.586
BC,80,GLU,CD,0.868
BC,80,GLU,HG3,0.475
BC,80,GLU,HG2,1.070
BC,81,LYS,O,0.490
BC,81,LYS,HE2,0.882
BC,85,GLU,N,0.490
BC,86,SER,C,0.519
BC,87,ASN,HD22,0.918
BC,87,ASN,CA,1.571
BC,87,ASN,ND2,0.695
BC,87,ASN,HA,1.830
BC,87,ASN,N,0.793
BC,88,GLU,OE1,0.742
BC,88,GLU,C,0.751
BC,88,GLU,O,1.062
BC,88,GLU,N,0.742
BC,88,GLU,HG3,0.441
BC,89,GLY,HA2,0.912
BC,89,GLY,CA,0.478
BC,90,ILE,H,0.459
BC,90,ILE,CD1,0.520
BC,90,ILE,HG21,0.525
BC,90,ILE,HG22,0.485
BC,90,ILE,HD12,0.703
BC,90,ILE,N,0.703
BC,91,ARG,HG3,0.485
BC,93,LYS,C,0.892
BC,93,LYS,H,0.463
BC,93,LYS,N,0.610
BC,93,LYS,O,1.315
BC,94,THR,HG23,0.684
BC,94,THR,HG22,1.266
BC,94,THR,CG2,1.307
BC,94,THR,HA,0.471
BC,94,THR,HG21,1.586
BC,95,PHE,N,0.620
BC,96,LYS,O,0.525
BC,97,ILE,HG12,0.459
BC,97,ILE,HG23,0.525
BC,98,LYS,NZ,0.450
BC,98,LYS,HB2,0.450
BC,100,PHE,CG,0.515
BC,100,PHE,O,0.515
BC,103,ASP,C,0.532
BC,103,ASP,O,1.007
BC,104,ALA,CA,1.646
BC,104,ALA,C,1.241
BC,104,ALA,HA,1.740
BC,104,ALA,HB1,0.746
BC,104,ALA,CB,1.162
BC,104,ALA,O,1.214
BC,106,LEU,CD2,0.447
BC,106,LEU,C,0.654
BC,106,LEU,HD23,0.654
BC,106,LEU,O,0.644
BC,107,PHE,CD1,0.529
BC,107,PHE,O,0.517
BC,107,PHE,HE2,1.584
BC,107,PHE,CZ,0.734
BC,107,PHE,CE2,1.740
BC,107,PHE,CD2,1.440
BC,107,PHE,HD2,1.007
BC,108,ARG,HA,1.204
BC,108,ARG,HH12,0.448
BC,108,ARG,HD2,1.204
BC,108,ARG,CD,1.089
BC,108,ARG,HD3,1.046
BC,108,ARG,N,0.529
BC,108,ARG,NH1,1.173
BC,108,ARG,HH11,0.753
BC,108,ARG,O,0.726
BC,108,ARG,NE,0.726
BC,108,ARG,C,0.732
BC,110,ALA,HB3,0.517
BC,110,ALA,N,0.691
BC,110,ALA,O,1.173
BC,110,ALA,H,0.732
BC,111,LEU,CB,0.988
BC,111,LEU,O,1.149
BC,111,LEU,HB2,1.089
BC,113,GLN,N,0.478
BC,113,GLN,C,0.492
BC,113,GLN,HG2,0.533
BC,113,GLN,H,0.753
BC,114,THR,OG1,1.149
BC,115,SER,C,0.439
BC,115,SER,CA,0.624
BC,115,SER,HB2,0.608
BC,115,SER,O,0.608
BC,115,SER,HA,0.876
BC,115,SER,H,0.492
BC,115,SER,OG,0.506
BC,116,PRO,CD,0.873
BC,116,PRO,HD3,1.286
BC,116,PRO,O,0.561
BC,116,PRO,N,0.495
BC,116,PRO,HD2,0.506
BC,117,VAL,O,0.605
BC,118,TYR,H,0.665
BC,118,TYR,CE2,0.876
BC,118,TYR,HE1,0.561
BC,118,TYR,CD1,0.924
BC,118,TYR,HH,0.640
BC,118,TYR,N,1.009
BC,118,TYR,CZ,0.795
BC,118,TYR,HD1,1.009
BC,118,TYR,C,0.497
BC,118,TYR,CD2,0.586
BC,118,TYR,CE1,0.591
BC,118,TYR,OH,1.286
BC,119,PRO,HB3,0.605
BC,119,PRO,HD3,0.608
BC,119,PRO,N,0.453
BC,120,SER,O,0.571
BC,121,TYR,CE2,0.496
BC,122,LEU,N,0.571
BC,122,LEU,HG,0.496
BC,123,ASN,N,0.524
BC,125,LYS,N,0.492
BC,125,LYS,HA,0.499
BC,125,LYS,CA,0.461
BC,125,LYS,HE3,0.499
BC,125,LYS,CE,0.422
BC,129,HIS,CE1,0.468
BC,129,HIS,O,0.504
BC,130,GLN,O,0.527
BC,131,LEU,O,0.769
BC,131,LEU,HD12,0.769
BC,131,LEU,C,0.483
BC,132,LYS,HZ2,0.700
BC,132,LYS,HZ3,0.922
BC,132,LYS,HD2,0.487
BC,132,LYS,HZ1,0.460
BC,132,LYS,C,0.487
BC,132,LYS,NZ,0.859
BC,133,GLN,HG2,0.922
BC,133,GLN,HE21,0.581
BC,133,GLN,NE2,0.448
BC,133,GLN,O,0.448
BC,133,GLN,HB2,0.581
BC,133,GLN,CG,0.859
BC,133,GLN,HG3,0.764
BC,134,ILE,HB,0.527
BC,134,ILE,O,0.492
BC,135,ALA,HB3,0.492
BC,136,LYS,HG3,0.792
BC,136,LYS,HA,1.040
BC,136,LYS,HE3,1.040
BC,137,LYS,HE2,0.741
BC,137,LYS,N,0.719
BC,137,LYS,HD2,0.792
BC,137,LYS,HE3,1.013
BC,137,LYS,H,1.013
BC,137,LYS,CD,0.589
BC,137,LYS,HB3,0.741
BC,137,LYS,CE,0.865
